PolicyID,EffectiveDate,Geography,Industry,PolicySize,RiskRating,AnnualPremium,ExposureUnits
POL000001,2024-05-10,Northeast,Education,Medium,4.25,30384.37,53.02
POL000002,2024-02-09,Southwest,Technology,Small,5.33,5985.16,10.1
POL000003,2023-05-26,Northeast,Retail,Small,4.79,7409.31,8.19
POL000004,2023-10-09,Northeast,Manufacturing,Large,5.3,190103.75,195.21
POL000005,2023-05-24,West,Retail,Small,4.45,7450.91,8.13
POL000006,2023-02-06,West,Technology,Large,4.71,130328.73,186.03
POL000007,2023-12-21,Southwest,Warehouse,Medium,5.26,35506.88,40.31
POL000008,2023-06-05,West,Retail,Small,5.83,7668.77,9.43
POL000009,2022-02-10,Northwest,Hospitality,Medium,4.54,36128.36,45.49
POL000010,2024-08-18,Midwest,Technology,Large,4.19,117067.1,168.87
POL000011,2024-06-10,Northeast,Manufacturing,Medium,5.04,43920.04,55.11
POL000012,2024-11-25,Northwest,Warehouse,Medium,4.91,36483.32,44.37
POL000013,2022-07-09,Northeast,Retail,Medium,4.86,36019.54,44.44
POL000014,2023-11-15,Southeast,Retail,Small,4.15,6177.94,10.79
POL000015,2024-08-09,Northeast,Warehouse,Medium,4.41,35781.79,49.79
POL000016,2022-09-04,Southwest,Education,Small,5.21,6588.98,8.36
POL000017,2023-09-01,Northeast,Office,Medium,5.01,35514.91,46.97
POL000018,2023-05-04,Southwest,Office,Large,4.24,121106.29,180.64
POL000019,2022-05-24,West,Warehouse,Medium,5.01,43872.48,46.78
POL000020,2024-03-26,West,Hospitality,Medium,6.49,50469.5,51.61
POL000021,2023-05-25,Northwest,Technology,Small,5.15,6083.5,8.07
POL000022,2023-02-02,Southeast,Healthcare,Medium,5.13,36678.42,45.3
POL000023,2024-01-20,Midwest,Technology,Medium,5.28,32337.46,57.28
POL000024,2024-10-16,Southwest,Retail,Small,5.73,7823.94,9.48
POL000025,2024-11-26,Northwest,Office,Enterprise,5.6,687728.09,926.77
POL000026,2022-05-08,Southeast,Office,Large,4.78,121342.08,180.33
POL000027,2023-05-05,West,Healthcare,Medium,4.99,43239.07,57.34
POL000028,2023-06-09,Northeast,Manufacturing,Medium,3.56,41339.49,40.55
POL000029,2024-04-13,Midwest,Healthcare,Small,5.76,6864.96,8.16
POL000030,2024-12-13,Midwest,Retail,Large,5.4,125048.9,192.91
POL000031,2024-05-16,Southwest,Healthcare,Enterprise,4.91,694031.67,831.38
POL000032,2024-01-11,Northeast,Manufacturing,Medium,5.07,42516.18,41.88
POL000033,2023-05-03,Northwest,Warehouse,Medium,4.8,36890.88,43.17
POL000034,2023-11-28,Southeast,Manufacturing,Small,4.45,8478.81,11.23
POL000035,2022-12-23,Midwest,Warehouse,Medium,4.26,35090.93,53.17
POL000036,2023-05-31,Southwest,Technology,Large,5.87,141034.02,170.28
POL000037,2024-08-14,Midwest,Technology,Small,5.25,5740.42,8.07
POL000038,2023-05-14,Southwest,Office,Medium,4.59,29152.63,53.86
POL000039,2023-02-17,Northeast,Office,Enterprise,4.96,696516.47,851.08
POL000040,2024-10-05,West,Office,Large,5.69,137181.33,232.2
POL000041,2022-03-03,Midwest,Office,Small,4.8,5495.85,11.83
POL000042,2024-01-05,Northwest,Warehouse,Medium,4.6,37496.7,55.83
POL000043,2023-07-23,Northeast,Technology,Enterprise,5.47,767651.65,1187.46
POL000044,2024-10-29,West,Warehouse,Small,4.24,8240.27,8.33
POL000045,2022-12-05,Midwest,Hospitality,Large,5.0,146948.83,198.53
POL000046,2024-05-25,Midwest,Office,Large,3.67,91711.14,169.51
POL000047,2024-04-08,West,Healthcare,Medium,4.13,37550.78,48.73
POL000048,2022-02-27,Northeast,Technology,Small,5.82,7692.71,11.88
POL000049,2022-02-16,Southwest,Healthcare,Medium,5.15,34374.53,59.01
POL000050,2024-08-25,Midwest,Manufacturing,Small,4.31,6847.42,9.44
POL000051,2024-01-10,Northwest,Healthcare,Medium,4.9,37980.65,56.45
POL000052,2024-06-01,Southwest,Warehouse,Medium,4.76,35370.94,56.21
POL000053,2022-08-12,Northwest,Office,Medium,4.75,26897.68,42.68
POL000054,2023-02-09,Northeast,Hospitality,Large,6.68,206657.61,227.97
POL000055,2023-04-02,Northeast,Technology,Medium,4.74,31728.1,53.43
POL000056,2023-11-05,Midwest,Hospitality,Small,5.52,7540.22,9.92
POL000057,2024-07-07,West,Warehouse,Medium,3.42,36848.94,47.84
POL000058,2024-05-08,Northeast,Healthcare,Medium,5.08,40834.29,55.93
POL000059,2022-05-18,Northwest,Office,Small,5.31,6423.27,8.96
POL000060,2022-04-21,Northeast,Manufacturing,Small,4.13,8811.38,9.9
POL000061,2022-04-03,Northwest,Warehouse,Small,4.51,7143.58,10.14
POL000062,2023-06-08,Southeast,Office,Medium,4.94,29057.03,57.47
POL000063,2024-04-10,Southeast,Manufacturing,Large,5.21,188257.42,178.89
POL000064,2022-01-28,Southeast,Office,Medium,4.54,30552.16,50.64
POL000065,2024-03-16,Midwest,Retail,Small,3.77,5457.94,8.48
POL000066,2022-05-25,Southeast,Office,Small,5.24,6601.54,10.35
POL000067,2024-01-18,Northeast,Retail,Small,5.43,7896.03,8.95
POL000068,2023-10-24,Southeast,Office,Medium,4.79,33388.17,41.03
POL000069,2023-06-27,Midwest,Technology,Small,6.02,6366.3,8.68
POL000070,2024-08-04,West,Healthcare,Medium,5.32,43781.3,43.99
POL000071,2023-06-16,Southeast,Manufacturing,Medium,4.34,40081.86,41.04
POL000072,2023-11-21,Midwest,Warehouse,Medium,3.93,28488.44,42.33
POL000073,2024-06-29,Midwest,Office,Small,6.13,6694.72,11.75
POL000074,2023-08-11,Southeast,Hospitality,Medium,5.06,41555.23,56.5
POL000075,2022-01-05,Southeast,Warehouse,Large,4.91,161182.68,231.97
POL000076,2023-02-26,Midwest,Office,Medium,4.29,25426.4,50.86
POL000077,2022-07-17,Northwest,Warehouse,Small,4.85,7894.23,11.15
POL000078,2023-07-04,West,Healthcare,Large,4.4,161416.09,168.23
POL000079,2024-03-25,West,Manufacturing,Small,4.74,9481.44,10.56
POL000080,2024-01-25,Midwest,Healthcare,Medium,5.43,34523.9,45.76
POL000081,2022-12-29,Northeast,Warehouse,Medium,5.21,42206.06,53.93
POL000082,2024-06-06,Northeast,Healthcare,Large,3.45,141683.73,232.85
POL000083,2024-03-24,Southeast,Retail,Small,4.74,7059.16,9.52
POL000084,2022-07-21,West,Manufacturing,Small,5.26,9255.96,10.95
POL000085,2023-10-02,Southeast,Office,Small,4.78,6071.78,10.32
POL000086,2023-10-24,Southeast,Retail,Medium,5.87,38675.76,43.69
POL000087,2022-11-23,Midwest,Manufacturing,Medium,4.43,32992.65,49.44
POL000088,2024-11-08,Northeast,Education,Medium,4.79,32172.87,43.64
POL000089,2024-07-13,Northeast,Education,Small,6.2,8403.6,11.47
POL000090,2024-10-28,Northeast,Retail,Small,4.21,6419.1,10.61
POL000091,2024-10-03,Southwest,Education,Enterprise,6.33,671450.84,962.56
POL000092,2024-04-02,West,Manufacturing,Small,3.69,8012.01,11.57
POL000093,2024-03-25,Southwest,Office,Large,4.47,121613.57,189.02
POL000094,2024-12-12,Southeast,Technology,Large,5.12,144387.77,194.02
POL000095,2023-06-10,Southwest,Healthcare,Medium,4.31,35733.29,53.82
POL000096,2024-03-15,Northeast,Hospitality,Small,4.89,8613.91,8.83
POL000097,2022-12-08,Northeast,Hospitality,Large,4.96,176207.49,193.5
POL000098,2023-12-03,Midwest,Manufacturing,Small,4.59,7227.54,9.15
POL000099,2023-11-07,Southwest,Retail,Medium,5.74,34093.73,40.62
POL000100,2024-08-15,Northwest,Retail,Medium,4.52,33509.31,51.97
POL000101,2022-01-25,Southeast,Education,Large,4.86,121995.63,233.39
POL000102,2024-08-14,West,Healthcare,Medium,5.25,43896.35,54.48
POL000103,2024-09-02,West,Retail,Medium,5.39,41925.83,58.5
POL000104,2024-09-07,Midwest,Retail,Small,4.35,6366.19,10.98
POL000105,2023-01-07,West,Retail,Large,3.71,124460.63,215.7
POL000106,2024-07-24,Midwest,Office,Medium,5.56,30535.02,48.54
POL000107,2024-06-12,Midwest,Office,Enterprise,3.97,475175.92,803.79
POL000108,2022-01-29,West,Office,Medium,6.32,38723.87,48.43
POL000109,2023-01-24,Southwest,Manufacturing,Medium,5.29,39776.47,58.21
POL000110,2023-08-08,Northeast,Office,Small,5.6,7750.48,11.54
POL000111,2022-01-11,Northwest,Technology,Medium,4.42,32273.58,42.41
POL000112,2022-08-14,Midwest,Manufacturing,Enterprise,5.44,805033.34,1038.91
POL000113,2023-02-23,West,Healthcare,Small,4.72,8078.28,10.32
POL000114,2024-08-09,Southeast,Manufacturing,Large,6.31,193506.23,166.96
POL000115,2024-09-10,Southeast,Manufacturing,Medium,4.63,44245.36,59.83
POL000116,2024-11-29,West,Office,Large,5.39,151754.55,201.7
POL000117,2022-12-02,Southwest,Hospitality,Large,5.73,162709.39,220.22
POL000118,2022-01-07,West,Technology,Medium,4.83,39232.85,40.02
POL000119,2023-08-12,Midwest,Manufacturing,Small,5.55,8319.71,10.16
POL000120,2023-11-06,Northeast,Retail,Small,4.79,7643.97,11.16
POL000121,2024-07-04,Southwest,Manufacturing,Small,4.58,7960.36,8.18
POL000122,2022-11-02,Northwest,Healthcare,Medium,4.6,36263.45,47.44
POL000123,2024-08-04,Southeast,Manufacturing,Small,5.16,8682.72,11.3
POL000124,2024-06-02,West,Education,Small,5.02,7730.33,11.64
POL000125,2024-05-18,Southwest,Office,Small,5.84,6189.63,8.12
POL000126,2024-03-03,Southwest,Warehouse,Medium,3.94,31026.4,49.07
POL000127,2022-07-18,Southwest,Manufacturing,Small,5.83,8077.89,8.5
POL000128,2023-06-05,Southeast,Office,Small,4.95,6291.18,8.05
POL000129,2022-10-01,Southwest,Office,Enterprise,5.92,715259.73,1089.71
POL000130,2023-02-05,Northeast,Warehouse,Small,4.64,8580.14,8.29
POL000131,2022-08-13,Northeast,Office,Small,3.88,6187.69,11.2
POL000132,2024-09-20,Northeast,Healthcare,Enterprise,4.99,796468.11,919.53
POL000133,2023-12-17,West,Healthcare,Large,4.83,161870.15,225.38
POL000134,2023-02-14,Midwest,Manufacturing,Small,5.19,7803.32,10.46
POL000135,2024-01-20,Southeast,Retail,Large,5.22,136891.6,239.71
POL000136,2024-05-22,Midwest,Manufacturing,Medium,4.46,34097.59,59.22
POL000137,2024-08-14,West,Warehouse,Medium,5.2,44282.39,40.59
POL000138,2024-05-15,Midwest,Hospitality,Large,5.04,133423.29,209.84
POL000139,2022-01-21,Southwest,Manufacturing,Medium,5.28,38938.24,57.09
POL000140,2024-10-01,Midwest,Manufacturing,Medium,4.84,39034.75,46.24
POL000141,2022-01-28,Southeast,Healthcare,Small,5.47,7368.05,8.29
POL000142,2022-09-27,Southeast,Office,Medium,4.91,30052.45,47.19
POL000143,2023-11-18,Southwest,Office,Large,5.51,117573.51,181.58
POL000144,2024-08-26,Midwest,Technology,Small,4.84,6006.69,8.17
POL000145,2023-05-05,Midwest,Office,Medium,4.75,26777.28,50.43
POL000146,2024-07-07,Southwest,Manufacturing,Small,4.66,8571.13,8.38
POL000147,2023-10-31,Midwest,Hospitality,Small,6.13,7816.88,10.47
POL000148,2022-10-30,Midwest,Manufacturing,Large,5.02,150923.25,212.1
POL000149,2024-10-06,Southwest,Retail,Large,5.27,127681.56,212.04
POL000150,2023-05-09,Northwest,Office,Large,5.54,122625.25,211.93
POL000151,2023-12-26,Southeast,Office,Small,4.74,6061.39,8.91
POL000152,2024-05-16,Northeast,Warehouse,Large,5.81,190679.99,225.1
POL000153,2023-10-27,Midwest,Office,Medium,5.51,31594.08,59.11
POL000154,2024-10-01,West,Office,Large,4.91,130124.37,198.33
POL000155,2024-02-26,Northeast,Office,Small,4.85,6337.43,10.44
POL000156,2022-01-02,Southeast,Office,Small,4.35,6229.49,8.43
POL000157,2023-03-21,Southeast,Technology,Medium,4.75,35821.34,52.03
POL000158,2023-12-27,Midwest,Education,Medium,5.11,31130.7,45.11
POL000159,2022-02-19,Southwest,Hospitality,Medium,5.03,34648.21,44.7
POL000160,2023-11-04,Southeast,Manufacturing,Small,4.94,8271.36,10.38
POL000161,2024-07-09,Northwest,Manufacturing,Medium,5.08,44821.83,42.57
POL000162,2023-07-08,Northwest,Education,Small,4.91,6158.03,10.47
POL000163,2023-07-15,West,Healthcare,Small,5.01,7719.27,9.83
POL000164,2022-12-08,Southwest,Technology,Medium,4.69,31492.93,59.15
POL000165,2022-10-14,West,Retail,Medium,4.19,39229.35,49.5
POL000166,2022-08-25,Northeast,Technology,Small,5.22,6616.74,9.03
POL000167,2023-04-01,West,Manufacturing,Large,4.62,170979.36,188.81
POL000168,2022-12-07,Southeast,Retail,Medium,5.96,36094.64,55.73
POL000169,2022-05-23,Northwest,Hospitality,Small,5.33,8240.08,11.47
POL000170,2022-05-14,Northeast,Retail,Large,3.53,139138.81,205.84
POL000171,2022-09-23,West,Manufacturing,Large,5.69,185758.08,200.21
POL000172,2024-06-20,Northeast,Office,Small,4.52,6967.41,9.73
POL000173,2023-06-27,Midwest,Office,Small,4.96,5348.92,8.25
POL000174,2024-02-17,Southeast,Office,Large,4.5,111101.75,222.62
POL000175,2024-06-01,Northeast,Healthcare,Medium,4.29,33946.48,53.11
POL000176,2023-02-26,Midwest,Manufacturing,Large,4.36,153875.49,218.69
POL000177,2023-08-21,Northwest,Retail,Small,5.25,6483.5,10.48
POL000178,2024-11-02,Northeast,Retail,Enterprise,5.4,778496.31,981.75
POL000179,2022-11-04,Southeast,Manufacturing,Small,5.46,9084.39,11.44
POL000180,2023-07-08,West,Hospitality,Enterprise,5.18,826053.18,1136.35
POL000181,2022-08-20,Midwest,Warehouse,Medium,5.2,36080.35,43.0
POL000182,2024-07-28,Midwest,Healthcare,Small,3.64,5280.37,11.83
POL000183,2022-10-04,Midwest,Office,Enterprise,6.27,636322.6,1019.85
POL000184,2023-06-04,Southeast,Manufacturing,Small,5.74,8895.93,8.82
POL000185,2024-04-15,West,Warehouse,Medium,4.99,46747.04,52.04
POL000186,2022-06-09,Southwest,Education,Medium,4.67,30249.95,48.64
POL000187,2022-05-04,Midwest,Retail,Small,5.06,7084.72,10.69
POL000188,2022-02-08,West,Hospitality,Small,5.67,9592.22,10.62
POL000189,2022-07-22,Southeast,Education,Small,4.78,6052.53,11.86
POL000190,2022-03-29,Southeast,Office,Large,4.5,111566.28,206.17
POL000191,2022-05-16,Midwest,Manufacturing,Small,5.24,8345.32,8.82
POL000192,2024-10-30,Southwest,Education,Medium,5.0,34294.36,56.8
POL000193,2024-11-01,Southwest,Retail,Enterprise,4.09,662242.07,1198.53
POL000194,2022-05-12,Midwest,Warehouse,Large,3.81,116874.03,162.33
POL000195,2024-07-30,Southeast,Education,Small,4.69,6636.62,10.25
POL000196,2024-06-18,Northeast,Office,Medium,4.3,28972.8,53.91
POL000197,2023-06-26,Northwest,Retail,Large,4.53,122080.94,189.71
POL000198,2024-02-02,West,Education,Medium,4.49,32804.89,53.72
POL000199,2022-03-19,Southwest,Healthcare,Enterprise,5.08,742814.39,1034.32
POL000200,2023-12-11,Midwest,Retail,Large,5.28,123439.41,224.21
POL000201,2023-12-05,Midwest,Manufacturing,Small,5.2,8259.69,8.64
POL000202,2022-07-07,Midwest,Hospitality,Medium,2.91,26906.97,45.51
POL000203,2022-09-27,Southeast,Retail,Large,4.54,122834.63,165.01
POL000204,2022-09-07,Midwest,Office,Small,4.62,5613.8,8.51
POL000205,2024-08-01,Northwest,Manufacturing,Medium,5.4,43356.92,43.96
POL000206,2024-09-10,Southeast,Retail,Large,4.74,135934.23,167.11
POL000207,2023-08-21,Midwest,Office,Small,5.1,5877.56,8.33
POL000208,2022-07-17,West,Office,Small,4.6,6663.63,11.0
POL000209,2023-08-11,Northeast,Office,Large,4.42,120093.69,173.18
POL000210,2023-01-18,West,Education,Small,4.02,7275.02,10.24
POL000211,2024-11-15,Midwest,Warehouse,Small,4.64,6634.81,9.81
POL000212,2023-01-14,Midwest,Education,Enterprise,4.57,593024.95,1053.83
POL000213,2023-07-21,Southwest,Retail,Large,4.64,133277.56,189.05
POL000214,2022-10-10,Southeast,Technology,Small,4.85,6174.15,9.76
POL000215,2024-08-23,Northwest,Hospitality,Small,5.75,7360.07,10.9
POL000216,2024-07-12,West,Office,Small,4.33,7045.61,8.32
POL000217,2023-10-07,Northwest,Office,Small,5.8,7068.14,10.61
POL000218,2023-04-02,Southeast,Office,Large,4.87,115915.78,179.19
POL000219,2023-06-30,Southeast,Office,Medium,5.24,32443.47,59.58
POL000220,2024-07-19,Northeast,Healthcare,Small,3.93,7210.12,11.97
POL000221,2024-05-04,Northeast,Office,Large,4.11,119954.79,220.74
POL000222,2023-04-05,Southeast,Education,Small,5.36,6505.47,9.56
POL000223,2023-07-12,Midwest,Hospitality,Medium,4.86,31606.38,54.8
POL000224,2022-06-03,Northwest,Manufacturing,Medium,6.33,50089.39,52.43
POL000225,2024-02-02,Southwest,Warehouse,Medium,3.77,31178.52,40.92
POL000226,2023-11-04,Midwest,Retail,Medium,4.34,32444.11,57.05
POL000227,2023-11-26,Midwest,Hospitality,Small,4.97,7256.79,9.01
POL000228,2024-10-09,Northeast,Hospitality,Medium,5.7,42983.71,46.34
POL000229,2022-06-23,West,Warehouse,Large,5.09,179235.99,178.99
POL000230,2022-12-14,Northeast,Office,Medium,5.8,36031.6,52.68
POL000231,2022-08-02,Southeast,Office,Medium,4.13,28236.09,49.64
POL000232,2022-05-22,Southwest,Retail,Small,3.29,5116.06,8.43
POL000233,2023-08-25,Midwest,Office,Small,4.27,5134.36,11.27
POL000234,2024-03-29,West,Warehouse,Small,4.84,7844.25,9.56
POL000235,2022-01-19,Midwest,Hospitality,Medium,5.61,39739.2,40.03
POL000236,2024-05-08,Northeast,Healthcare,Large,4.47,156855.58,213.01
POL000237,2023-04-30,Northeast,Office,Large,4.12,126448.51,214.29
POL000238,2023-03-26,West,Warehouse,Medium,3.44,37280.64,54.82
POL000239,2023-01-22,Midwest,Manufacturing,Small,4.65,6757.13,8.49
POL000240,2022-02-18,Southeast,Office,Large,4.57,111961.54,203.4
POL000241,2024-11-19,Midwest,Education,Large,5.54,130280.18,189.69
POL000242,2023-11-10,Midwest,Retail,Medium,4.99,32142.07,47.58
POL000243,2024-10-03,Northeast,Office,Small,4.8,7193.5,9.82
POL000244,2024-04-16,Southeast,Technology,Medium,4.1,30220.0,47.91
POL000245,2022-09-19,West,Office,Small,5.51,7898.7,10.41
POL000246,2022-07-20,Northwest,Retail,Enterprise,4.55,601082.83,1021.48
POL000247,2023-11-05,Northeast,Retail,Large,5.01,148864.37,214.19
POL000248,2022-10-27,West,Warehouse,Small,5.54,8456.93,11.13
POL000249,2022-04-14,Southeast,Education,Medium,5.33,37562.51,42.65
POL000250,2022-09-24,Southeast,Office,Small,4.74,6177.73,8.14
POL000251,2024-06-01,Midwest,Technology,Medium,5.11,28954.94,55.24
POL000252,2023-02-03,Southwest,Hospitality,Small,5.43,7890.37,10.37
POL000253,2024-06-21,Northwest,Retail,Small,5.97,6734.64,11.53
POL000254,2023-03-19,Northeast,Technology,Small,5.47,7921.62,10.11
POL000255,2022-11-16,Southeast,Office,Large,4.52,133792.99,214.15
POL000256,2022-04-23,Northeast,Manufacturing,Small,3.77,8541.3,11.29
POL000257,2022-07-20,West,Hospitality,Medium,3.78,36978.02,41.32
POL000258,2024-06-28,West,Technology,Small,4.96,7346.89,11.18
POL000259,2022-11-18,Northeast,Office,Small,5.11,6625.11,11.62
POL000260,2024-01-03,Midwest,Hospitality,Medium,3.67,32348.44,43.76
POL000261,2022-07-02,Midwest,Office,Medium,4.53,28729.13,56.45
POL000262,2023-02-12,Southeast,Warehouse,Small,5.24,8585.82,11.3
POL000263,2024-05-22,Southwest,Retail,Small,4.28,5732.56,11.36
POL000264,2023-01-25,Southeast,Healthcare,Small,4.3,6681.16,11.16
POL000265,2024-06-29,Northwest,Office,Small,4.74,5999.46,11.72
POL000266,2023-09-24,Southwest,Manufacturing,Small,4.51,7989.63,11.78
POL000267,2023-06-17,Midwest,Warehouse,Enterprise,4.56,672241.3,844.39
POL000268,2022-08-15,Southeast,Manufacturing,Large,5.3,180521.81,197.78
POL000269,2024-08-09,Southwest,Education,Large,4.41,126699.51,237.97
POL000270,2024-07-28,Midwest,Healthcare,Small,4.65,6000.68,10.06
POL000271,2024-12-03,Northeast,Healthcare,Small,6.34,7977.35,10.94
POL000272,2023-09-06,Midwest,Warehouse,Small,5.52,7128.26,11.1
POL000273,2023-04-10,Midwest,Technology,Small,4.42,5481.98,8.07
POL000274,2023-10-27,West,Office,Small,3.94,6868.07,11.39
POL000275,2023-04-02,Midwest,Education,Medium,4.35,29752.84,58.75
POL000276,2023-02-16,Midwest,Manufacturing,Medium,5.35,40972.52,52.89
POL000277,2023-06-24,West,Retail,Medium,5.68,39503.3,59.63
POL000278,2023-04-01,Southwest,Office,Medium,4.9,29901.93,57.8
POL000279,2023-05-04,Southwest,Healthcare,Large,4.0,123025.11,220.89
POL000280,2024-01-06,Midwest,Healthcare,Small,4.91,6585.08,8.18
POL000281,2024-09-16,West,Office,Large,5.54,143811.54,212.73
POL000282,2022-09-29,Southwest,Office,Medium,5.2,33556.85,43.52
POL000283,2024-05-19,Southwest,Technology,Small,6.67,7475.67,11.91
POL000284,2023-06-04,Northeast,Office,Medium,4.63,32641.46,55.43
POL000285,2022-03-27,Southwest,Hospitality,Large,4.72,153399.24,174.23
POL000286,2023-04-01,West,Retail,Small,4.72,7030.23,11.96
POL000287,2023-06-30,Northwest,Manufacturing,Large,5.29,181542.09,206.17
POL000288,2023-12-19,Southwest,Technology,Small,5.62,7308.2,11.9
POL000289,2022-11-11,Southeast,Manufacturing,Small,5.07,8702.11,9.75
POL000290,2024-08-04,Midwest,Retail,Large,5.18,127888.11,221.05
POL000291,2024-03-01,Midwest,Office,Small,4.78,5318.04,8.28
POL000292,2024-04-15,Southeast,Hospitality,Medium,4.26,38186.75,47.05
POL000293,2024-10-24,Northeast,Hospitality,Medium,3.69,37581.18,40.0
POL000294,2023-12-01,Midwest,Manufacturing,Enterprise,4.03,628066.33,1091.74
POL000295,2024-04-23,Southeast,Healthcare,Medium,4.91,38455.48,56.34
POL000296,2022-07-25,Northeast,Office,Enterprise,4.84,611844.77,952.28
POL000297,2024-07-26,Southwest,Retail,Large,4.72,134028.02,183.72
POL000298,2022-06-02,Northeast,Warehouse,Large,5.45,158806.13,174.42
POL000299,2024-10-21,Northeast,Manufacturing,Large,3.31,140647.28,213.21
POL000300,2022-09-02,West,Healthcare,Medium,5.35,39287.62,55.72
POL000301,2023-01-04,Northeast,Hospitality,Small,5.39,8821.46,11.27
POL000302,2024-06-07,Midwest,Warehouse,Medium,4.67,35612.33,59.05
POL000303,2024-06-09,West,Education,Medium,5.2,34356.65,46.26
POL000304,2023-01-10,Midwest,Hospitality,Large,3.73,118562.9,184.54
POL000305,2022-05-20,Southwest,Office,Medium,4.48,28466.01,53.71
POL000306,2022-07-16,Northeast,Retail,Small,5.79,8438.87,11.14
POL000307,2024-01-30,Northwest,Retail,Large,5.18,126438.54,203.82
POL000308,2023-11-12,Southwest,Healthcare,Medium,4.19,32562.54,45.37
POL000309,2023-08-09,Southwest,Manufacturing,Medium,4.39,39613.8,49.16
POL000310,2023-01-02,Midwest,Warehouse,Medium,4.86,35374.72,50.52
POL000311,2024-12-18,Midwest,Hospitality,Large,4.84,149541.08,176.21
POL000312,2024-05-17,Southwest,Healthcare,Medium,3.92,34657.82,47.98
POL000313,2022-02-15,Northeast,Healthcare,Enterprise,3.32,685962.78,1165.82
POL000314,2023-01-02,Southeast,Office,Medium,4.36,28383.99,54.28
POL000315,2022-02-08,Northeast,Hospitality,Medium,3.45,32988.06,41.25
POL000316,2022-03-02,Midwest,Retail,Medium,5.01,31344.21,49.87
POL000317,2022-11-15,Midwest,Retail,Medium,4.97,31145.77,58.42
POL000318,2023-01-25,West,Office,Large,5.36,142005.29,229.9
POL000319,2022-05-03,Southwest,Office,Medium,5.21,29702.47,48.88
POL000320,2024-02-11,Midwest,Office,Medium,3.85,23153.6,48.18
POL000321,2024-11-27,Northeast,Office,Large,6.16,146980.52,224.47
POL000322,2022-07-15,Northwest,Office,Medium,4.62,31183.87,44.32
POL000323,2023-07-21,Northwest,Retail,Small,5.5,6923.21,10.21
POL000324,2023-07-01,Southeast,Office,Large,5.12,116486.29,183.68
POL000325,2023-10-15,Southwest,Office,Medium,5.47,33587.63,45.94
POL000326,2024-01-28,Northeast,Manufacturing,Small,4.66,8139.73,10.08
POL000327,2024-10-31,Southeast,Manufacturing,Small,5.07,8659.73,9.66
POL000328,2024-08-15,West,Healthcare,Medium,4.73,40292.2,40.44
POL000329,2022-08-27,Northeast,Warehouse,Small,4.34,7482.99,11.58
POL000330,2024-10-27,West,Technology,Large,5.44,165593.37,177.75
POL000331,2024-03-04,Southeast,Manufacturing,Medium,5.86,45909.43,46.67
POL000332,2023-12-19,Midwest,Education,Medium,4.24,25494.74,45.62
POL000333,2022-07-13,Northeast,Hospitality,Small,5.04,7500.58,9.5
POL000334,2023-07-11,Northwest,Retail,Large,3.83,122387.26,216.53
POL000335,2023-10-06,Midwest,Healthcare,Medium,4.25,31134.2,40.11
POL000336,2022-11-13,Northeast,Manufacturing,Medium,4.75,45020.72,55.17
POL000337,2023-04-30,Southeast,Healthcare,Small,4.54,6768.32,10.42
POL000338,2024-05-07,West,Warehouse,Medium,4.52,38295.49,46.28
POL000339,2024-11-29,Midwest,Hospitality,Large,5.42,136026.1,195.51
POL000340,2024-03-01,Southwest,Education,Small,5.55,6515.14,9.08
POL000341,2022-06-05,Midwest,Retail,Medium,5.3,32734.89,59.67
POL000342,2022-12-06,Southeast,Office,Small,4.35,6048.06,8.16
POL000343,2023-11-21,West,Office,Small,5.14,6505.97,10.99
POL000344,2024-06-11,Northeast,Manufacturing,Enterprise,5.54,1030620.59,896.6
POL000345,2022-09-10,Southeast,Technology,Large,4.16,119120.92,161.26
POL000346,2023-04-07,Northwest,Healthcare,Small,4.1,6362.97,9.61
POL000347,2022-12-05,Midwest,Technology,Large,4.69,120490.01,234.25
POL000348,2024-09-20,Southeast,Office,Small,6.66,7716.68,10.37
POL000349,2022-10-15,Midwest,Healthcare,Medium,4.89,34580.65,53.94
POL000350,2024-09-27,Northeast,Warehouse,Medium,4.42,39171.44,49.06
POL000351,2023-03-06,Northeast,Manufacturing,Large,5.76,208871.02,202.87
POL000352,2022-03-31,Midwest,Retail,Medium,5.23,31821.73,41.04
POL000353,2024-10-28,Northeast,Retail,Large,5.01,148689.84,238.09
POL000354,2024-08-09,Northeast,Healthcare,Small,5.61,8456.65,11.89
POL000355,2023-08-30,West,Manufacturing,Small,5.22,9143.36,10.21
POL000356,2024-12-30,Southeast,Retail,Medium,3.59,33523.55,55.19
POL000357,2023-08-07,Midwest,Retail,Large,3.97,109902.36,188.43
POL000358,2023-09-29,Southeast,Technology,Small,5.61,6802.66,8.39
POL000359,2022-01-31,Southeast,Warehouse,Large,4.23,147943.62,181.89
POL000360,2024-12-24,Midwest,Retail,Large,4.32,121632.7,213.38
POL000361,2024-07-24,Southwest,Retail,Small,5.15,6184.42,10.09
POL000362,2024-04-24,Southwest,Office,Medium,5.52,30800.26,49.08
POL000363,2022-12-11,Midwest,Hospitality,Large,5.49,158652.15,192.22
POL000364,2024-04-24,Southwest,Manufacturing,Medium,3.81,38194.93,45.71
POL000365,2024-10-17,Midwest,Warehouse,Small,5.89,7409.36,10.92
POL000366,2022-12-15,West,Retail,Medium,4.6,35550.5,40.01
POL000367,2023-10-01,Southwest,Manufacturing,Small,4.21,7175.39,8.95
POL000368,2022-04-19,Northwest,Warehouse,Large,4.72,150347.75,209.22
POL000369,2024-01-28,Midwest,Warehouse,Enterprise,5.21,652059.9,881.78
POL000370,2024-04-28,Midwest,Warehouse,Large,3.88,127147.6,195.05
POL000371,2024-10-21,West,Education,Small,5.33,7135.67,11.69
POL000372,2022-04-17,West,Office,Large,4.52,135019.9,234.33
POL000373,2023-01-25,Southeast,Retail,Medium,4.11,31055.87,46.64
POL000374,2024-12-22,Northeast,Warehouse,Medium,4.62,40127.08,50.13
POL000375,2022-06-26,Southeast,Technology,Small,5.9,7041.38,9.36
POL000376,2024-03-06,Southeast,Office,Large,5.41,120989.97,167.39
POL000377,2024-06-30,Southwest,Retail,Small,4.4,5800.44,11.62
POL000378,2024-07-04,West,Warehouse,Large,4.37,151189.12,213.08
POL000379,2022-06-11,West,Office,Large,4.01,132211.88,235.22
POL000380,2022-05-29,Midwest,Hospitality,Small,4.93,6725.87,10.38
POL000381,2024-11-14,Northeast,Manufacturing,Medium,5.6,51191.32,56.42
POL000382,2023-12-27,Midwest,Healthcare,Medium,4.76,34729.2,41.97
POL000383,2022-11-07,Southeast,Manufacturing,Medium,5.43,45321.64,57.27
POL000384,2022-04-18,Northeast,Retail,Medium,6.01,38777.75,59.39
POL000385,2023-11-05,Northeast,Manufacturing,Medium,4.52,43150.53,47.18
POL000386,2023-02-09,Southwest,Manufacturing,Large,4.34,141267.85,226.77
POL000387,2023-05-11,Midwest,Hospitality,Small,5.34,7225.14,9.21
POL000388,2023-11-06,Northeast,Healthcare,Small,5.35,7655.69,10.62
POL000389,2024-01-24,Northwest,Warehouse,Medium,3.88,36025.59,53.24
POL000390,2023-02-23,Southeast,Warehouse,Medium,5.57,39108.73,42.12
POL000391,2024-03-10,West,Warehouse,Medium,4.21,35731.29,58.14
POL000392,2023-03-05,Southeast,Office,Medium,4.74,29932.58,56.73
POL000393,2023-08-06,Northwest,Hospitality,Medium,5.21,39219.87,48.57
POL000394,2023-07-26,Midwest,Hospitality,Medium,4.0,33581.68,50.01
POL000395,2023-08-31,Southeast,Hospitality,Small,5.91,8813.01,9.3
POL000396,2024-04-28,Southwest,Office,Medium,5.82,31239.23,59.81
POL000397,2022-03-17,Southwest,Healthcare,Small,5.07,6860.16,10.19
POL000398,2022-01-30,West,Manufacturing,Medium,5.45,47043.56,56.1
POL000399,2024-11-14,Southwest,Warehouse,Small,4.86,6790.86,8.93
POL000400,2022-09-15,Northwest,Office,Small,3.72,5414.88,8.05
POL000401,2023-05-06,Southeast,Manufacturing,Medium,5.23,45287.58,45.43
POL000402,2023-12-04,Southeast,Warehouse,Small,5.27,7560.74,11.27
POL000403,2022-03-31,Northeast,Office,Small,4.75,5936.37,9.97
POL000404,2024-03-07,Southeast,Office,Medium,5.07,29886.17,42.98
POL000405,2024-04-17,Southeast,Office,Small,4.78,6621.79,8.99
POL000406,2022-08-09,Southeast,Office,Small,4.46,6398.41,8.56
POL000407,2023-01-23,Northeast,Manufacturing,Medium,4.36,37874.96,48.89
POL000408,2022-05-15,Northeast,Retail,Small,5.78,8410.58,9.74
POL000409,2022-05-10,Southwest,Healthcare,Medium,4.2,30281.74,41.99
POL000410,2022-11-02,Southeast,Office,Medium,5.18,33111.53,50.23
POL000411,2023-06-15,Northeast,Technology,Medium,5.36,37244.22,53.65
POL000412,2023-11-25,Midwest,Retail,Large,4.55,128755.43,177.5
POL000413,2023-02-25,Southwest,Retail,Small,5.3,7075.76,9.65
POL000414,2023-08-11,Northeast,Warehouse,Large,5.67,181688.18,199.41
POL000415,2023-07-23,Northwest,Manufacturing,Large,4.61,143127.05,208.07
POL000416,2023-11-05,Northwest,Office,Small,5.07,6605.55,11.17
POL000417,2024-07-29,Southwest,Technology,Small,3.64,5721.73,10.37
POL000418,2023-12-11,Southwest,Hospitality,Large,4.78,144210.64,199.92
POL000419,2022-04-19,West,Warehouse,Small,4.26,8016.5,8.59
POL000420,2022-07-09,Midwest,Hospitality,Enterprise,4.49,654632.85,1042.85
POL000421,2023-05-23,Southeast,Office,Medium,4.85,30834.11,41.75
POL000422,2023-06-12,Northwest,Warehouse,Large,4.56,147389.82,185.22
POL000423,2024-08-04,Southeast,Healthcare,Medium,4.45,34716.69,59.89
POL000424,2024-09-13,Southwest,Retail,Small,4.99,6333.83,8.5
POL000425,2024-05-07,Northeast,Office,Medium,3.6,29402.83,50.89
POL000426,2023-10-28,Southeast,Technology,Medium,4.75,30581.05,59.54
POL000427,2022-11-24,Midwest,Healthcare,Small,4.8,6678.02,9.43
POL000428,2022-02-15,Southwest,Hospitality,Enterprise,5.85,872459.87,1070.44
POL000429,2023-06-07,Southeast,Warehouse,Large,4.84,152501.0,166.14
POL000430,2024-02-21,Northeast,Healthcare,Enterprise,4.3,782806.04,965.93
POL000431,2023-09-10,Southwest,Warehouse,Medium,4.82,33820.94,43.95
POL000432,2022-11-26,Midwest,Warehouse,Medium,4.16,30228.87,54.69
POL000433,2023-03-03,Southwest,Retail,Small,3.72,5675.92,10.12
POL000434,2023-01-12,Midwest,Retail,Small,4.14,6398.51,11.02
POL000435,2024-11-28,Midwest,Retail,Small,5.37,6236.14,10.71
POL000436,2023-01-18,West,Technology,Small,4.48,7118.1,11.74
POL000437,2022-02-02,Northeast,Education,Medium,4.2,32987.25,47.03
POL000438,2024-02-09,Southwest,Office,Small,5.07,6045.71,8.19
POL000439,2023-01-13,Midwest,Retail,Small,4.5,6062.39,9.78
POL000440,2022-05-24,West,Retail,Medium,3.69,36119.95,55.75
POL000441,2024-12-12,Midwest,Retail,Medium,3.69,26349.66,47.73
POL000442,2023-09-15,West,Technology,Large,3.79,117944.83,204.26
POL000443,2024-11-05,Midwest,Hospitality,Medium,4.12,30248.19,50.83
POL000444,2022-01-01,Southeast,Warehouse,Medium,6.29,46074.0,53.61
POL000445,2023-02-24,Southeast,Technology,Medium,5.05,30964.26,40.08
POL000446,2022-06-28,Southeast,Education,Medium,4.94,30401.33,59.36
POL000447,2023-08-29,Midwest,Retail,Small,4.48,5886.71,11.13
POL000448,2024-08-30,Southeast,Office,Large,6.14,133783.3,191.95
POL000449,2023-07-17,Southwest,Warehouse,Small,4.76,7067.89,10.09
POL000450,2023-11-23,West,Manufacturing,Medium,4.36,43876.02,59.93
POL000451,2023-06-12,Southwest,Education,Enterprise,4.33,555195.05,963.63
POL000452,2023-10-25,Southeast,Healthcare,Medium,5.12,38812.97,43.98
POL000453,2024-03-23,Southeast,Manufacturing,Large,4.14,150726.26,219.58
POL000454,2023-06-17,Southwest,Warehouse,Medium,4.21,34394.79,45.76
POL000455,2022-10-24,Midwest,Retail,Medium,4.6,30652.7,41.83
POL000456,2022-05-26,Southwest,Office,Small,4.5,5344.99,10.35
POL000457,2022-08-09,West,Office,Medium,4.96,32699.47,44.94
POL000458,2022-12-11,Midwest,Warehouse,Medium,3.8,31306.03,44.28
POL000459,2024-08-13,Northeast,Office,Medium,4.8,31235.4,46.66
POL000460,2024-12-28,Midwest,Warehouse,Medium,6.53,38742.99,57.6
POL000461,2022-07-10,Southeast,Hospitality,Small,4.65,7797.0,8.96
POL000462,2022-03-14,West,Retail,Medium,5.67,39691.94,55.64
POL000463,2024-01-05,Southwest,Technology,Small,4.86,5955.11,10.02
POL000464,2023-11-29,Northeast,Retail,Small,4.21,7438.48,11.25
POL000465,2022-11-20,West,Retail,Large,4.25,152333.2,232.26
POL000466,2024-10-10,Northeast,Retail,Small,5.68,8476.43,11.06
POL000467,2023-06-02,Southwest,Technology,Medium,4.85,29197.53,46.24
POL000468,2024-06-17,Northeast,Manufacturing,Medium,4.63,46152.69,45.79
POL000469,2024-12-18,West,Technology,Medium,4.66,34289.05,57.19
POL000470,2022-01-01,Midwest,Hospitality,Small,4.62,7095.16,10.04
POL000471,2023-01-18,Midwest,Education,Enterprise,5.8,683101.7,1168.88
POL000472,2024-06-10,Southwest,Manufacturing,Medium,5.61,44005.65,45.41
POL000473,2023-01-22,Southwest,Hospitality,Small,6.83,8247.03,8.22
POL000474,2022-03-20,Southeast,Office,Medium,5.2,30156.84,59.65
POL000475,2022-11-06,Midwest,Office,Large,5.02,124784.75,228.26
POL000476,2023-09-17,Northeast,Retail,Small,5.7,8473.4,9.04
POL000477,2023-03-24,Southeast,Manufacturing,Small,4.09,8293.39,10.97
POL000478,2022-06-06,Northeast,Manufacturing,Medium,4.96,43036.68,47.5
POL000479,2022-06-10,Southwest,Manufacturing,Small,4.65,7105.28,9.57
POL000480,2024-11-07,Midwest,Healthcare,Medium,6.02,33509.67,50.7
POL000481,2022-03-12,Midwest,Technology,Large,5.73,119901.37,216.51
POL000482,2023-06-05,Northeast,Office,Small,4.9,6363.77,8.96
POL000483,2023-06-20,Midwest,Retail,Medium,3.87,31302.38,56.16
POL000484,2023-03-01,Midwest,Hospitality,Small,5.69,8040.45,11.66
POL000485,2023-07-23,Northeast,Hospitality,Small,5.19,7896.03,11.44
POL000486,2023-05-07,Midwest,Office,Small,4.22,5661.21,11.92
POL000487,2023-11-24,Southeast,Retail,Small,4.57,6342.31,9.24
POL000488,2023-04-30,West,Healthcare,Medium,4.77,37622.94,43.72
POL000489,2023-06-19,Southeast,Technology,Enterprise,3.79,648132.29,856.48
POL000490,2024-04-27,Northwest,Office,Large,4.22,122219.4,233.41
POL000491,2023-05-30,West,Healthcare,Large,5.82,180076.41,225.98
POL000492,2023-11-01,West,Office,Small,4.2,6578.23,10.78
POL000493,2023-07-28,West,Retail,Medium,4.77,36760.62,53.68
POL000494,2023-03-23,Midwest,Hospitality,Medium,4.02,30069.08,50.88
POL000495,2023-12-29,Northwest,Manufacturing,Medium,4.57,42440.0,44.12
POL000496,2023-10-23,Midwest,Retail,Small,5.39,6255.81,11.56
POL000497,2022-06-06,Southeast,Technology,Medium,4.61,32174.72,44.54
POL000498,2023-06-15,Northeast,Office,Medium,4.87,35747.4,51.07
POL000499,2023-08-11,West,Office,Medium,5.89,38859.54,54.83
POL000500,2024-06-30,Northeast,Healthcare,Medium,3.61,33521.82,52.38
POL000501,2022-05-28,Northeast,Healthcare,Medium,4.62,35421.95,59.35
POL000502,2023-04-04,Southwest,Education,Small,5.78,7124.04,10.04
POL000503,2024-09-22,Northeast,Manufacturing,Small,4.39,8985.36,11.75
POL000504,2022-03-19,Midwest,Office,Medium,4.17,28226.49,51.95
POL000505,2024-12-10,Northeast,Warehouse,Medium,4.31,39499.47,45.48
POL000506,2023-01-13,Southwest,Education,Small,4.45,6481.62,10.82
POL000507,2023-04-17,Southwest,Retail,Small,4.33,6720.7,8.41
POL000508,2024-08-20,Southeast,Warehouse,Medium,4.61,41042.55,54.55
POL000509,2023-10-04,Northeast,Healthcare,Small,3.87,6819.91,9.12
POL000510,2023-09-28,Midwest,Retail,Large,4.12,115919.82,182.14
POL000511,2022-08-24,Southeast,Technology,Large,4.54,128048.02,186.91
POL000512,2023-01-13,Northeast,Warehouse,Small,4.44,7389.16,9.83
POL000513,2024-03-11,Midwest,Manufacturing,Small,4.72,7889.97,8.25
POL000514,2022-01-25,Northeast,Manufacturing,Small,4.25,8835.22,9.05
POL000515,2024-07-17,Midwest,Warehouse,Large,4.78,148713.64,178.51
POL000516,2022-12-09,West,Technology,Enterprise,5.44,788787.2,982.26
POL000517,2024-08-11,West,Retail,Small,5.25,8124.84,10.19
POL000518,2024-11-02,Southeast,Retail,Medium,5.29,36666.28,57.21
POL000519,2024-08-29,Northeast,Healthcare,Large,4.83,150501.82,230.39
POL000520,2024-04-24,Southeast,Retail,Large,4.76,141949.09,172.39
POL000521,2023-12-11,Midwest,Retail,Medium,3.77,31004.61,44.18
POL000522,2023-10-25,Northwest,Office,Enterprise,4.85,584611.01,920.72
POL000523,2022-12-19,Northeast,Warehouse,Large,5.06,172555.26,235.31
POL000524,2023-01-03,West,Manufacturing,Medium,5.22,52294.26,40.65
POL000525,2023-10-17,Southwest,Manufacturing,Small,5.33,8721.24,11.91
POL000526,2024-08-29,Southeast,Warehouse,Medium,5.62,39441.33,51.86
POL000527,2023-03-05,Southeast,Retail,Large,4.39,123236.31,236.32
POL000528,2024-05-05,Midwest,Hospitality,Small,5.16,7034.55,10.02
POL000529,2024-06-16,Northwest,Manufacturing,Large,4.92,172224.4,197.35
POL000530,2023-04-19,Midwest,Education,Large,5.15,128471.22,166.66
POL000531,2024-10-13,Northwest,Office,Small,4.65,5469.25,8.25
POL000532,2022-05-31,Northwest,Office,Small,4.78,5505.17,9.19
POL000533,2024-03-30,Northwest,Retail,Small,4.06,6085.87,9.32
POL000534,2022-08-19,West,Office,Medium,4.78,32699.29,43.69
POL000535,2022-02-18,Northeast,Education,Small,4.39,7015.86,8.04
POL000536,2024-10-12,West,Office,Medium,5.57,35638.6,52.3
POL000537,2022-05-07,Northeast,Technology,Small,5.06,6845.25,11.81
POL000538,2022-01-19,Midwest,Technology,Small,4.09,5569.67,9.04
POL000539,2023-11-15,Northeast,Retail,Enterprise,5.74,716852.73,1124.27
POL000540,2022-07-30,Southwest,Warehouse,Medium,5.1,38894.38,54.97
POL000541,2024-04-16,Northwest,Retail,Medium,4.95,35960.91,49.97
POL000542,2023-12-29,Northeast,Retail,Small,4.11,7266.36,11.27
POL000543,2022-07-28,West,Manufacturing,Small,4.29,8396.93,10.82
POL000544,2023-12-26,Southeast,Office,Small,4.18,6423.76,10.28
POL000545,2023-06-14,Southwest,Hospitality,Small,5.37,7122.7,9.05
POL000546,2023-01-28,West,Retail,Enterprise,5.47,887104.32,977.38
POL000547,2022-07-13,Midwest,Healthcare,Small,3.97,5887.55,9.26
POL000548,2022-05-20,Northwest,Healthcare,Small,5.48,7624.24,11.15
POL000549,2022-11-23,Southwest,Healthcare,Medium,4.03,33666.8,44.22
POL000550,2023-07-10,Southwest,Education,Medium,5.03,29382.89,49.67
POL000551,2023-10-19,Southwest,Warehouse,Small,4.08,7043.34,8.87
POL000552,2023-12-24,Northeast,Hospitality,Large,4.71,154299.72,181.42
POL000553,2023-04-18,West,Hospitality,Large,4.32,166026.06,160.79
POL000554,2022-06-29,Southeast,Retail,Large,5.14,157564.69,232.78
POL000555,2024-11-02,Southeast,Healthcare,Medium,5.38,36832.69,49.49
POL000556,2023-06-01,Midwest,Healthcare,Small,4.58,6395.25,9.19
POL000557,2024-12-29,Northeast,Office,Small,4.56,6869.97,10.83
POL000558,2024-01-20,West,Education,Large,4.96,151221.42,196.67
POL000559,2022-05-13,Northeast,Warehouse,Small,4.38,7974.23,11.18
POL000560,2022-08-13,Northeast,Warehouse,Medium,5.15,40894.39,42.58
POL000561,2023-10-22,Southwest,Manufacturing,Small,3.48,6755.45,11.77
POL000562,2024-01-08,Northwest,Office,Medium,5.59,31694.73,49.28
POL000563,2024-10-12,Southeast,Technology,Small,6.12,8168.84,8.26
POL000564,2022-12-04,West,Office,Medium,5.18,33494.53,41.94
POL000565,2022-05-06,Southwest,Office,Small,5.45,6099.49,10.1
POL000566,2022-02-18,Southeast,Hospitality,Enterprise,5.73,802209.26,822.84
POL000567,2022-09-28,Southwest,Manufacturing,Medium,5.63,39322.57,53.42
POL000568,2022-12-24,West,Hospitality,Small,4.52,8666.12,11.04
POL000569,2024-02-27,Midwest,Warehouse,Medium,5.32,38009.38,57.39
POL000570,2024-06-04,Midwest,Technology,Small,3.78,5912.0,10.17
POL000571,2023-05-26,Northwest,Technology,Medium,5.29,35549.11,53.79
POL000572,2024-05-22,Northeast,Manufacturing,Medium,5.72,43881.53,56.26
POL000573,2023-09-29,Southeast,Education,Small,5.49,7685.84,9.2
POL000574,2024-02-02,Northwest,Manufacturing,Medium,4.14,37104.18,58.3
POL000575,2023-03-25,Northeast,Hospitality,Enterprise,4.4,830367.02,1029.57
POL000576,2023-12-06,West,Retail,Medium,5.06,37901.16,51.29
POL000577,2022-11-11,Midwest,Retail,Large,4.81,118930.62,203.65
POL000578,2023-11-07,Northeast,Office,Medium,4.5,31897.79,50.27
POL000579,2022-11-03,Northeast,Warehouse,Small,4.86,7822.22,10.62
POL000580,2022-03-07,Southwest,Healthcare,Medium,4.36,33715.71,56.65
POL000581,2023-07-15,Northeast,Healthcare,Medium,6.22,46161.89,42.14
POL000582,2022-07-30,West,Education,Medium,4.15,31134.33,48.99
POL000583,2024-12-28,West,Healthcare,Small,4.72,8281.49,9.03
POL000584,2023-09-24,West,Healthcare,Small,5.3,9190.82,11.47
POL000585,2024-05-23,Northeast,Manufacturing,Large,5.62,179970.21,213.03
POL000586,2024-12-11,Northwest,Office,Large,5.45,121679.77,168.01
POL000587,2022-07-23,West,Retail,Small,4.21,7471.71,11.62
POL000588,2023-11-06,West,Retail,Small,4.34,7264.42,11.37
POL000589,2022-02-27,Northeast,Warehouse,Enterprise,4.66,803002.66,919.95
POL000590,2022-01-26,Southwest,Hospitality,Small,5.67,7506.95,11.64
POL000591,2023-10-20,Northeast,Manufacturing,Small,4.95,8547.91,10.02
POL000592,2024-04-04,Northwest,Retail,Medium,4.37,34527.16,52.64
POL000593,2022-01-27,Midwest,Office,Small,5.09,5510.43,11.25
POL000594,2023-06-08,Southeast,Office,Small,4.82,6319.88,8.21
POL000595,2022-01-18,Southeast,Warehouse,Small,5.69,9007.27,11.2
POL000596,2023-11-09,Northeast,Warehouse,Medium,4.08,39688.93,49.26
POL000597,2024-08-01,Southeast,Manufacturing,Medium,4.53,39839.76,58.53
POL000598,2024-12-10,Northwest,Manufacturing,Small,4.48,8025.1,9.72
POL000599,2022-11-25,Northeast,Warehouse,Small,5.59,9309.06,8.31
POL000600,2024-08-01,Southeast,Warehouse,Enterprise,5.24,750868.84,1170.03
POL000601,2022-03-05,Southeast,Retail,Enterprise,6.06,818903.51,812.61
POL000602,2024-05-07,West,Warehouse,Small,4.35,7263.27,8.32
POL000603,2024-11-06,Northwest,Manufacturing,Large,5.42,180355.11,183.13
POL000604,2022-09-24,Northeast,Warehouse,Small,5.73,8805.41,10.01
POL000605,2023-09-09,Northeast,Manufacturing,Medium,5.9,51491.35,53.35
POL000606,2024-07-16,Southeast,Retail,Large,5.03,130325.89,211.44
POL000607,2022-09-18,Midwest,Retail,Small,4.88,6636.34,11.47
POL000608,2022-08-04,Midwest,Warehouse,Small,5.23,6619.8,9.05
POL000609,2024-03-25,Midwest,Manufacturing,Small,6.17,7871.26,9.1
POL000610,2022-06-18,West,Education,Small,4.03,6173.42,9.81
POL000611,2024-01-27,Northeast,Office,Large,6.12,144931.08,227.86
POL000612,2023-08-12,West,Office,Small,5.74,8109.41,11.63
POL000613,2023-09-05,Midwest,Warehouse,Enterprise,4.82,685849.72,884.18
POL000614,2024-10-27,Southeast,Warehouse,Medium,5.29,38132.28,44.87
POL000615,2023-02-08,Southwest,Manufacturing,Medium,4.53,42110.74,58.34
POL000616,2024-07-31,Northeast,Hospitality,Small,5.31,9094.17,8.51
POL000617,2022-09-30,Midwest,Retail,Small,4.61,5597.28,8.51
POL000618,2024-11-26,Southwest,Healthcare,Enterprise,3.9,570804.1,1199.78
POL000619,2023-03-09,West,Office,Small,4.34,6594.13,8.31
POL000620,2022-03-25,Northeast,Office,Large,5.16,125080.47,230.07
POL000621,2023-03-15,Northeast,Manufacturing,Medium,5.29,47852.88,50.11
POL000622,2022-03-16,Northeast,Healthcare,Medium,4.26,34385.89,47.45
POL000623,2024-04-25,Midwest,Retail,Medium,4.66,30202.64,43.19
POL000624,2022-08-02,Northeast,Hospitality,Medium,4.9,37290.75,47.79
POL000625,2024-09-03,Northeast,Office,Small,3.51,6295.88,8.01
POL000626,2024-01-28,Northeast,Hospitality,Small,5.13,8305.66,9.05
POL000627,2022-04-26,Northwest,Retail,Small,3.96,5953.7,9.4
POL000628,2022-09-18,Northeast,Retail,Medium,4.53,34781.36,56.19
POL000629,2023-04-21,Northeast,Retail,Enterprise,4.18,616024.62,1000.47
POL000630,2023-01-02,Southeast,Hospitality,Medium,6.24,40100.08,50.88
POL000631,2022-02-27,Midwest,Office,Small,3.44,5288.65,9.15
POL000632,2022-11-20,Midwest,Warehouse,Medium,4.85,32372.13,59.5
POL000633,2024-02-09,Northeast,Hospitality,Small,6.14,8978.46,11.34
POL000634,2022-08-24,Southwest,Retail,Small,5.4,7377.59,10.85
POL000635,2022-10-16,Midwest,Manufacturing,Small,4.44,7956.26,10.87
POL000636,2024-02-03,Southwest,Healthcare,Small,3.75,5814.95,10.26
POL000637,2023-02-25,Southeast,Office,Medium,5.23,31096.88,45.55
POL000638,2023-03-20,Northeast,Warehouse,Small,4.62,7202.51,9.71
POL000639,2024-08-26,Northwest,Office,Medium,3.97,27409.89,44.86
POL000640,2024-09-25,Northeast,Office,Large,5.17,139517.15,224.46
POL000641,2022-01-22,Midwest,Healthcare,Small,4.45,6728.34,9.79
POL000642,2022-03-31,Midwest,Office,Large,4.34,107436.34,196.44
POL000643,2022-10-11,West,Warehouse,Medium,4.61,41964.65,53.55
POL000644,2023-10-27,Northeast,Healthcare,Large,6.05,155477.69,179.73
POL000645,2024-04-18,Southwest,Warehouse,Medium,4.16,35829.2,53.87
POL000646,2024-03-20,Midwest,Warehouse,Large,5.24,152888.3,206.65
POL000647,2023-06-12,Northeast,Hospitality,Small,4.89,7842.16,11.43
POL000648,2024-07-01,Northeast,Retail,Large,5.55,168481.46,170.98
POL000649,2022-08-14,Southeast,Office,Small,5.55,7014.06,11.77
POL000650,2023-11-27,Midwest,Manufacturing,Medium,5.88,43471.1,54.27
POL000651,2024-02-27,Northeast,Warehouse,Medium,5.03,43749.43,59.94
POL000652,2022-04-23,Northeast,Office,Medium,4.33,34269.29,53.82
POL000653,2022-06-07,Northwest,Retail,Large,4.16,130689.77,212.64
POL000654,2022-09-24,Southwest,Technology,Medium,5.02,29726.96,51.85
POL000655,2023-08-17,Southeast,Office,Enterprise,4.44,562884.2,910.78
POL000656,2024-04-18,Midwest,Retail,Enterprise,3.49,578747.56,880.47
POL000657,2022-08-13,Northwest,Hospitality,Small,4.74,7020.29,11.69
POL000658,2022-12-10,West,Hospitality,Large,5.21,190980.9,172.46
POL000659,2022-07-15,Southeast,Education,Small,4.62,6312.08,11.37
POL000660,2024-08-19,Southeast,Manufacturing,Small,5.48,8117.48,10.86
POL000661,2022-11-20,Northeast,Education,Enterprise,4.18,650038.17,857.77
POL000662,2022-04-02,West,Retail,Medium,3.67,34206.91,40.03
POL000663,2024-07-20,Northwest,Retail,Small,4.11,6414.67,10.24
POL000664,2023-08-24,Southwest,Warehouse,Medium,5.57,35716.49,47.52
POL000665,2023-06-04,Midwest,Hospitality,Large,4.8,137547.25,163.93
POL000666,2023-12-31,Southeast,Office,Small,5.07,6947.13,8.12
POL000667,2023-04-22,Northwest,Office,Medium,5.21,29491.8,56.37
POL000668,2022-12-22,Northwest,Retail,Large,4.0,127575.25,175.97
POL000669,2024-05-07,Southeast,Retail,Medium,6.02,37251.31,41.42
POL000670,2022-09-25,Midwest,Healthcare,Medium,4.69,31602.43,58.14
POL000671,2023-12-01,Southwest,Retail,Medium,4.47,33464.81,43.79
POL000672,2024-12-16,West,Manufacturing,Large,4.08,161345.92,185.65
POL000673,2024-03-20,Southwest,Warehouse,Small,5.33,7006.47,11.73
POL000674,2024-05-14,Southwest,Hospitality,Small,5.42,8303.89,8.17
POL000675,2023-02-26,Southwest,Retail,Large,4.08,119390.88,203.48
POL000676,2024-06-28,Midwest,Retail,Small,4.98,6249.73,9.22
POL000677,2023-01-11,Southwest,Office,Small,5.74,6718.06,11.61
POL000678,2024-06-23,Southeast,Healthcare,Large,4.71,136889.55,183.3
POL000679,2024-06-15,West,Hospitality,Medium,4.1,39381.1,57.16
POL000680,2022-08-27,Midwest,Retail,Large,4.85,113854.58,179.05
POL000681,2023-12-07,Northeast,Education,Large,5.91,151408.54,219.81
POL000682,2023-03-17,Southwest,Manufacturing,Medium,5.08,38180.1,58.3
POL000683,2024-10-29,Southeast,Retail,Small,4.97,7738.52,8.93
POL000684,2024-11-17,West,Manufacturing,Medium,4.08,43197.12,42.77
POL000685,2024-02-08,Midwest,Office,Small,6.31,6954.99,10.2
POL000686,2022-11-13,Southeast,Manufacturing,Small,5.17,8104.7,8.59
POL000687,2024-06-27,Midwest,Warehouse,Small,5.96,8205.58,10.26
POL000688,2023-12-10,Northeast,Manufacturing,Medium,4.69,46986.73,51.95
POL000689,2024-09-08,Midwest,Office,Enterprise,5.41,565540.36,1070.44
POL000690,2023-08-07,Northwest,Manufacturing,Medium,5.38,42982.19,43.19
POL000691,2024-02-28,Midwest,Healthcare,Medium,5.01,33748.65,48.03
POL000692,2023-12-09,Southeast,Technology,Large,4.49,122291.74,232.77
POL000693,2023-10-28,Southeast,Hospitality,Large,4.41,141371.71,172.18
POL000694,2023-11-12,Northeast,Warehouse,Small,4.69,8349.61,9.06
POL000695,2022-04-15,Northeast,Manufacturing,Medium,4.88,47047.06,49.66
POL000696,2022-01-20,Midwest,Office,Large,4.3,101825.59,175.97
POL000697,2022-08-11,West,Education,Small,5.13,6824.09,8.23
POL000698,2022-10-18,Southwest,Office,Large,4.84,128385.32,173.77
POL000699,2023-03-12,Midwest,Warehouse,Small,5.19,6925.04,8.37
POL000700,2024-04-05,Northeast,Technology,Medium,4.79,36711.58,57.34
POL000701,2024-06-11,Northeast,Manufacturing,Small,5.67,10036.06,8.97
POL000702,2022-02-12,Midwest,Manufacturing,Large,5.08,169228.79,202.51
POL000703,2024-08-12,Northwest,Hospitality,Medium,5.85,37050.14,41.51
POL000704,2022-03-05,Northeast,Office,Medium,5.6,32083.05,43.88
POL000705,2024-11-09,Southwest,Office,Small,4.86,5836.07,11.42
POL000706,2023-12-06,Southeast,Manufacturing,Large,5.52,182958.27,163.1
POL000707,2024-03-05,Midwest,Office,Medium,4.7,29008.42,44.97
POL000708,2022-11-25,West,Retail,Small,4.62,7263.68,10.99
POL000709,2024-12-10,West,Warehouse,Medium,4.46,41823.14,45.69
POL000710,2022-05-28,Southwest,Office,Large,6.01,127078.33,207.27
POL000711,2024-10-31,Southwest,Retail,Large,4.08,122722.13,230.26
POL000712,2023-01-24,Southeast,Office,Small,5.22,6388.79,9.84
POL000713,2024-05-07,Southeast,Office,Medium,4.4,32602.3,50.43
POL000714,2024-09-14,Northeast,Technology,Small,5.57,7546.72,8.04
POL000715,2023-12-20,Midwest,Retail,Small,4.33,6592.17,9.93
POL000716,2024-11-17,Midwest,Manufacturing,Small,5.01,8422.95,9.29
POL000717,2024-08-31,Northwest,Warehouse,Small,3.78,6442.5,10.88
POL000718,2023-09-23,Northeast,Healthcare,Small,4.35,7602.07,8.45
POL000719,2022-04-19,Northeast,Warehouse,Large,4.1,143956.52,235.61
POL000720,2024-04-18,Northwest,Warehouse,Medium,4.8,39935.35,54.73
POL000721,2023-11-29,Northwest,Manufacturing,Large,5.51,160406.48,195.44
POL000722,2022-12-19,Southeast,Healthcare,Small,5.03,7192.38,10.92
POL000723,2023-08-08,Midwest,Healthcare,Medium,4.98,36018.35,49.17
POL000724,2024-05-09,Southeast,Hospitality,Large,4.54,162784.04,212.21
POL000725,2022-03-23,Southeast,Office,Small,5.14,7010.66,10.37
POL000726,2023-03-09,Southeast,Hospitality,Small,6.04,8170.54,8.9
POL000727,2022-09-28,Northwest,Technology,Small,4.4,5659.64,9.01
POL000728,2022-07-30,Midwest,Education,Medium,4.02,28200.91,51.31
POL000729,2024-04-04,Northeast,Manufacturing,Medium,6.0,46448.62,57.17
POL000730,2024-12-05,Southeast,Warehouse,Small,5.37,7497.26,10.78
POL000731,2024-02-21,Southwest,Office,Large,4.87,109110.37,213.48
POL000732,2024-08-16,Midwest,Retail,Small,5.79,6755.34,9.02
POL000733,2023-09-15,Northwest,Hospitality,Large,4.79,152622.44,166.37
POL000734,2024-05-08,Midwest,Office,Small,4.91,5641.34,11.5
POL000735,2024-07-14,Midwest,Education,Enterprise,4.37,575376.93,1129.93
POL000736,2023-07-23,Midwest,Retail,Large,4.63,123501.94,172.86
POL000737,2024-01-16,West,Healthcare,Small,5.8,8556.5,10.68
POL000738,2024-07-04,Southeast,Healthcare,Medium,4.58,34019.3,40.11
POL000739,2024-03-02,Northwest,Manufacturing,Medium,5.09,40706.85,54.06
POL000740,2023-06-23,Southwest,Healthcare,Small,4.24,5985.81,8.32
POL000741,2023-10-09,Northwest,Retail,Enterprise,4.74,648205.93,851.27
POL000742,2022-04-27,Southwest,Technology,Small,4.01,6103.38,11.94
POL000743,2023-11-16,Southwest,Healthcare,Small,4.43,7008.86,8.62
POL000744,2023-04-06,Midwest,Manufacturing,Medium,4.5,34886.78,43.27
POL000745,2024-10-08,Southeast,Healthcare,Medium,5.57,40185.44,45.66
POL000746,2024-02-05,Midwest,Warehouse,Small,4.64,6349.6,11.58
POL000747,2022-05-14,Southwest,Retail,Medium,4.49,32177.03,49.91
POL000748,2022-08-04,Northeast,Warehouse,Medium,4.97,41073.02,46.1
POL000749,2022-10-27,Northeast,Warehouse,Medium,4.3,38291.54,54.68
POL000750,2023-08-09,Southwest,Healthcare,Small,3.78,6751.17,8.84
POL000751,2022-10-12,Northeast,Manufacturing,Large,5.82,202734.2,227.39
POL000752,2023-10-25,Northeast,Hospitality,Small,5.5,7865.6,9.16
POL000753,2023-03-27,Midwest,Retail,Small,5.2,6370.57,9.53
POL000754,2022-02-24,West,Healthcare,Small,3.94,7609.7,11.42
POL000755,2023-04-17,Northeast,Hospitality,Medium,4.3,37350.83,53.57
POL000756,2022-09-05,Northwest,Warehouse,Large,4.2,146958.84,166.27
POL000757,2024-02-14,Midwest,Hospitality,Enterprise,5.34,771069.05,890.1
POL000758,2024-06-15,Midwest,Retail,Medium,6.12,32770.21,52.19
POL000759,2024-12-21,Southeast,Warehouse,Medium,5.37,44077.02,58.62
POL000760,2024-06-11,Southwest,Warehouse,Medium,4.0,31701.95,50.0
POL000761,2023-02-20,Midwest,Manufacturing,Small,5.65,8621.1,9.67
POL000762,2023-05-05,Northwest,Office,Small,5.14,6157.62,11.42
POL000763,2024-09-03,Southwest,Office,Small,5.42,6527.76,8.45
POL000764,2024-11-20,Midwest,Hospitality,Large,3.89,127061.57,171.85
POL000765,2024-10-30,Southeast,Office,Small,5.72,6645.17,10.88
POL000766,2022-01-09,Northeast,Warehouse,Medium,4.64,36993.55,56.8
POL000767,2023-03-19,West,Technology,Large,5.01,141859.44,174.08
POL000768,2023-11-21,Midwest,Hospitality,Small,4.76,6492.73,9.25
POL000769,2022-12-11,West,Office,Small,5.5,6867.88,10.71
POL000770,2022-09-25,Northeast,Healthcare,Medium,5.69,43655.47,49.77
POL000771,2024-11-06,Midwest,Hospitality,Large,5.04,143233.04,231.52
POL000772,2023-07-07,Midwest,Retail,Small,4.64,6303.86,8.29
POL000773,2024-01-27,West,Warehouse,Large,4.64,153526.87,227.99
POL000774,2023-12-29,West,Retail,Small,4.97,7608.75,11.06
POL000775,2024-10-01,Southeast,Technology,Enterprise,5.23,656139.97,1171.8
POL000776,2023-08-02,Midwest,Warehouse,Medium,4.74,33053.2,56.76
POL000777,2022-11-26,Southwest,Manufacturing,Large,4.8,171512.94,181.17
POL000778,2023-11-04,Northeast,Manufacturing,Medium,4.65,42872.17,40.32
POL000779,2024-10-29,Northeast,Office,Small,4.8,7107.34,9.7
POL000780,2022-01-19,Northeast,Manufacturing,Medium,4.99,44174.97,56.13
POL000781,2024-06-16,Northeast,Warehouse,Large,4.25,141366.1,218.88
POL000782,2022-06-28,Midwest,Warehouse,Small,4.86,7220.46,8.51
POL000783,2023-04-21,Midwest,Warehouse,Medium,5.16,32810.73,51.54
POL000784,2024-03-21,Southwest,Healthcare,Medium,4.25,32903.7,54.18
POL000785,2024-04-12,Southeast,Hospitality,Small,5.47,8854.23,10.53
POL000786,2022-08-16,West,Manufacturing,Large,4.83,186234.43,203.91
POL000787,2023-03-20,Northwest,Warehouse,Large,4.75,135840.48,181.55
POL000788,2022-01-24,Midwest,Healthcare,Small,5.16,7307.79,8.96
POL000789,2024-01-13,Northeast,Manufacturing,Medium,4.74,46961.0,51.34
POL000790,2023-06-14,Midwest,Office,Medium,5.68,31119.02,41.9
POL000791,2022-06-09,Northeast,Education,Small,5.07,7582.13,9.88
POL000792,2024-06-16,Southwest,Hospitality,Small,4.98,7626.74,9.0
POL000793,2024-12-19,Southeast,Office,Medium,3.93,26063.35,43.96
POL000794,2023-03-04,Midwest,Office,Small,5.29,6260.46,11.0
POL000795,2024-10-23,Southwest,Hospitality,Small,4.4,7341.14,8.38
POL000796,2023-12-29,West,Manufacturing,Large,4.23,160429.26,200.29
POL000797,2024-01-29,Northeast,Healthcare,Medium,5.82,41285.12,46.49
POL000798,2022-02-24,West,Office,Small,4.51,7063.55,10.68
POL000799,2022-05-19,Midwest,Manufacturing,Small,4.02,6844.72,10.59
POL000800,2023-01-31,Northwest,Manufacturing,Small,4.43,7035.37,8.38
POL000801,2022-12-22,West,Warehouse,Small,4.3,7739.15,9.9
POL000802,2022-05-31,Midwest,Warehouse,Small,6.1,8253.01,10.65
POL000803,2023-11-07,Northeast,Manufacturing,Medium,6.34,55325.86,44.88
POL000804,2022-07-09,West,Retail,Small,4.15,6461.17,9.68
POL000805,2024-09-13,Northeast,Retail,Small,4.46,6360.87,9.08
POL000806,2022-05-07,Southwest,Education,Medium,4.76,30054.07,53.2
POL000807,2023-07-07,Southwest,Hospitality,Medium,5.42,37022.66,54.11
POL000808,2023-10-27,Southwest,Healthcare,Small,5.52,7081.24,10.77
POL000809,2024-07-11,Northeast,Healthcare,Large,4.56,158374.96,181.76
POL000810,2023-05-07,West,Office,Large,4.8,145974.57,178.21
POL000811,2024-12-30,West,Office,Medium,4.2,30766.11,57.1
POL000812,2024-07-11,Northwest,Technology,Small,4.02,6048.38,8.12
POL000813,2024-06-09,Midwest,Manufacturing,Medium,5.73,38570.49,52.86
POL000814,2022-03-27,Midwest,Warehouse,Small,5.36,7270.73,9.33
POL000815,2022-05-25,Southeast,Retail,Small,4.31,6689.57,10.92
POL000816,2024-02-22,Northwest,Technology,Small,5.84,6973.44,9.66
POL000817,2022-03-15,Southeast,Retail,Small,4.11,7015.91,9.64
POL000818,2022-09-11,Northeast,Retail,Large,6.05,178633.62,194.23
POL000819,2022-08-16,Southwest,Education,Medium,5.36,31717.42,54.62
POL000820,2024-10-16,West,Warehouse,Large,6.1,182750.58,168.63
POL000821,2023-09-27,Northwest,Hospitality,Small,5.88,8346.5,8.25
POL000822,2022-09-10,Northwest,Warehouse,Small,4.64,7814.03,8.09
POL000823,2022-07-10,Southeast,Education,Small,4.75,6052.71,10.83
POL000824,2024-11-23,Midwest,Office,Large,5.06,113220.06,189.06
POL000825,2023-11-26,West,Manufacturing,Enterprise,4.61,925089.05,1163.89
POL000826,2023-10-03,Southeast,Healthcare,Small,2.95,6565.06,9.16
POL000827,2023-09-24,Southeast,Technology,Medium,4.9,31389.51,47.56
POL000828,2023-04-09,West,Warehouse,Medium,4.7,38234.1,48.12
POL000829,2022-11-15,Midwest,Hospitality,Large,6.73,160199.24,168.49
POL000830,2023-12-24,Southeast,Retail,Medium,4.9,34042.63,51.03
POL000831,2022-02-28,Northeast,Warehouse,Medium,4.9,37183.77,50.96
POL000832,2022-02-28,Northwest,Manufacturing,Small,4.24,7437.03,10.74
POL000833,2024-06-17,Southeast,Warehouse,Large,5.87,173136.41,193.03
POL000834,2024-03-26,Southeast,Technology,Medium,4.61,29303.64,56.34
POL000835,2023-03-23,Midwest,Warehouse,Medium,5.1,33000.14,57.71
POL000836,2024-05-17,Southwest,Office,Medium,4.51,31104.02,46.59
POL000837,2023-09-18,West,Manufacturing,Large,5.36,203727.76,167.46
POL000838,2022-02-06,West,Hospitality,Medium,5.03,40753.6,54.17
POL000839,2024-10-25,Northeast,Retail,Small,4.63,6832.04,8.12
POL000840,2022-05-26,Northwest,Hospitality,Small,3.15,5717.38,9.36
POL000841,2023-06-05,Midwest,Manufacturing,Large,5.26,165463.17,209.56
POL000842,2022-06-19,West,Office,Large,5.39,146552.33,174.38
POL000843,2022-09-04,Northeast,Hospitality,Small,4.98,8905.49,11.34
POL000844,2022-09-13,West,Hospitality,Small,5.94,9951.01,9.45
POL000845,2023-08-15,Midwest,Office,Large,4.88,106249.29,194.96
POL000846,2024-03-08,Southwest,Warehouse,Medium,4.2,33173.22,46.48
POL000847,2023-01-06,Northeast,Education,Medium,4.99,38449.93,55.33
POL000848,2022-10-07,Northwest,Healthcare,Large,5.38,160362.21,199.92
POL000849,2023-01-10,Midwest,Warehouse,Medium,3.62,29847.71,48.97
POL000850,2024-01-25,Northwest,Education,Large,5.47,140647.09,190.26
POL000851,2023-08-31,Northwest,Office,Large,4.32,102879.48,217.02
POL000852,2024-08-06,Northeast,Hospitality,Enterprise,4.01,726166.73,908.02
POL000853,2023-07-11,Southwest,Office,Small,5.23,6564.32,10.69
POL000854,2024-05-05,Southwest,Healthcare,Large,5.55,140414.77,219.43
POL000855,2023-07-06,Southeast,Education,Enterprise,4.44,575247.9,888.05
POL000856,2024-11-07,Northeast,Manufacturing,Large,5.47,173437.04,191.36
POL000857,2024-03-23,Southeast,Hospitality,Large,4.87,145707.25,174.5
POL000858,2023-01-07,West,Hospitality,Large,4.92,157234.49,161.78
POL000859,2022-09-16,Midwest,Retail,Small,4.89,6466.62,11.66
POL000860,2022-12-07,West,Office,Large,3.82,117990.26,188.52
POL000861,2023-04-06,Midwest,Office,Small,4.15,5597.04,10.72
POL000862,2024-11-14,Northwest,Manufacturing,Medium,4.76,42630.71,49.42
POL000863,2022-03-17,Southwest,Education,Small,5.45,7095.23,11.38
POL000864,2022-12-29,Southwest,Office,Medium,4.86,31932.51,43.41
POL000865,2022-11-15,Northwest,Healthcare,Large,4.07,121365.94,236.21
POL000866,2024-09-16,Southeast,Retail,Large,4.01,116991.26,181.6
POL000867,2022-05-11,West,Retail,Medium,5.51,42109.14,56.95
POL000868,2023-09-06,Midwest,Hospitality,Medium,4.8,35664.43,48.37
POL000869,2024-11-19,Northeast,Office,Medium,5.28,33751.56,58.22
POL000870,2023-10-03,Midwest,Hospitality,Small,5.92,7067.78,11.38
POL000871,2022-08-08,Midwest,Hospitality,Small,5.07,7366.54,10.7
POL000872,2023-02-21,Midwest,Technology,Large,5.74,126816.57,190.29
POL000873,2022-05-12,Southeast,Warehouse,Medium,4.41,34538.14,48.26
POL000874,2024-12-03,Midwest,Office,Medium,4.57,27294.73,48.24
POL000875,2022-07-06,West,Technology,Enterprise,3.49,575205.15,888.43
POL000876,2022-06-24,Midwest,Retail,Small,4.59,5720.58,8.04
POL000877,2022-11-29,Northwest,Hospitality,Small,5.01,7590.01,10.1
POL000878,2022-10-23,West,Manufacturing,Small,3.79,8090.84,9.84
POL000879,2022-08-21,West,Retail,Small,4.89,7016.39,10.89
POL000880,2022-12-30,Southeast,Healthcare,Medium,5.83,43264.23,49.91
POL000881,2024-04-28,Southwest,Healthcare,Medium,6.01,36657.93,53.15
POL000882,2024-06-25,Northeast,Healthcare,Small,5.42,7430.17,8.36
POL000883,2023-12-26,Southeast,Retail,Small,4.24,6911.25,9.92
POL000884,2024-01-31,Northeast,Warehouse,Small,5.23,7898.41,9.31
POL000885,2023-02-13,Midwest,Healthcare,Small,4.8,6035.71,8.11
POL000886,2023-07-12,Midwest,Hospitality,Large,4.48,129700.06,168.89
POL000887,2023-11-17,West,Office,Small,5.33,7167.54,9.98
POL000888,2023-02-23,Northeast,Manufacturing,Small,5.57,9067.25,8.09
POL000889,2022-02-27,Midwest,Education,Small,5.96,6541.7,11.07
POL000890,2024-11-23,Northeast,Retail,Medium,5.44,39365.02,47.14
POL000891,2022-08-28,Southeast,Manufacturing,Enterprise,4.29,816168.59,931.6
POL000892,2022-07-17,West,Warehouse,Small,4.79,8046.13,9.17
POL000893,2022-09-02,Northeast,Warehouse,Large,4.47,168440.74,212.58
POL000894,2022-05-01,Southwest,Manufacturing,Medium,5.04,44677.36,48.4
POL000895,2024-01-15,Midwest,Retail,Large,5.97,131838.97,196.16
POL000896,2022-06-06,Southeast,Hospitality,Small,4.61,6895.5,9.33
POL000897,2023-08-30,Northeast,Education,Large,5.84,137459.56,164.87
POL000898,2024-04-03,Northeast,Office,Small,5.2,6200.76,11.77
POL000899,2022-01-21,Northwest,Office,Large,5.58,131826.78,210.3
POL000900,2023-07-07,Northeast,Office,Small,4.05,5639.03,11.9
POL000901,2024-02-19,Midwest,Warehouse,Medium,4.43,33961.76,51.87
POL000902,2024-09-11,Northeast,Technology,Small,4.5,6906.89,8.35
POL000903,2023-06-04,Midwest,Retail,Medium,5.57,36284.21,55.63
POL000904,2022-12-17,Northwest,Warehouse,Small,4.94,7935.94,8.11
POL000905,2023-08-21,West,Warehouse,Large,4.08,157414.11,212.92
POL000906,2024-09-07,Midwest,Retail,Medium,5.1,30851.83,43.36
POL000907,2023-05-07,Southeast,Healthcare,Medium,5.16,38186.4,40.23
POL000908,2024-06-10,Southwest,Hospitality,Medium,5.11,37958.94,52.5
POL000909,2022-11-15,Midwest,Retail,Enterprise,5.42,697196.35,974.42
POL000910,2023-06-30,Midwest,Warehouse,Medium,4.75,34132.51,53.19
POL000911,2022-09-26,Northeast,Education,Medium,5.19,33133.27,50.67
POL000912,2024-09-05,Midwest,Office,Medium,4.92,29837.78,47.28
POL000913,2024-01-19,Midwest,Warehouse,Medium,5.18,35340.66,48.34
POL000914,2022-09-22,Northeast,Office,Medium,5.9,32973.59,46.3
POL000915,2023-10-17,Northwest,Hospitality,Small,5.13,7931.26,9.57
POL000916,2022-01-16,Northeast,Education,Small,5.59,7476.17,8.43
POL000917,2023-10-26,Southwest,Education,Large,4.66,119852.94,220.4
POL000918,2024-04-05,Southwest,Warehouse,Large,4.11,124967.5,208.11
POL000919,2022-12-26,Midwest,Hospitality,Small,4.76,7293.15,9.3
POL000920,2023-05-29,Northwest,Education,Medium,5.09,30651.59,40.84
POL000921,2024-05-05,Southwest,Technology,Large,5.76,148511.08,191.44
POL000922,2022-07-24,Southwest,Warehouse,Medium,5.39,39900.14,45.05
POL000923,2023-02-16,Midwest,Healthcare,Small,4.63,7092.73,10.05
POL000924,2024-06-17,Midwest,Office,Small,5.27,6298.27,10.56
POL000925,2023-07-13,Southwest,Healthcare,Medium,5.71,41343.62,56.41
POL000926,2023-01-14,Northeast,Retail,Small,4.0,6406.59,8.8
POL000927,2024-06-29,West,Warehouse,Small,4.42,8387.7,10.88
POL000928,2023-09-19,Southeast,Retail,Enterprise,5.54,742768.76,882.41
POL000929,2022-09-05,Southwest,Technology,Medium,5.44,33262.84,58.66
POL000930,2023-05-16,Northeast,Healthcare,Large,4.79,137609.78,210.51
POL000931,2024-09-24,Midwest,Hospitality,Large,4.1,122828.12,231.96
POL000932,2023-10-21,Midwest,Office,Medium,3.95,24504.3,41.11
POL000933,2023-04-17,Southeast,Manufacturing,Small,5.0,8842.88,10.82
POL000934,2023-02-09,Southeast,Office,Small,4.98,6642.74,11.51
POL000935,2023-03-07,West,Education,Small,5.39,7551.33,9.32
POL000936,2022-04-30,West,Manufacturing,Small,3.97,8427.82,10.65
POL000937,2024-04-25,Southwest,Office,Small,3.77,5829.85,10.89
POL000938,2024-12-07,West,Healthcare,Medium,4.88,40675.69,50.77
POL000939,2024-04-26,Southwest,Warehouse,Small,4.05,6420.13,9.36
POL000940,2022-09-05,Southwest,Manufacturing,Small,4.49,7470.92,10.83
POL000941,2024-07-09,Northwest,Warehouse,Medium,5.38,39377.99,49.98
POL000942,2024-10-25,Midwest,Retail,Large,4.95,132627.47,221.26
POL000943,2022-07-04,Southeast,Healthcare,Small,5.1,8090.89,9.89
POL000944,2022-05-11,Northeast,Technology,Large,5.54,143891.43,230.11
POL000945,2023-03-18,Midwest,Warehouse,Small,4.42,6938.56,8.2
POL000946,2024-12-19,Midwest,Warehouse,Large,5.33,132459.7,229.89
POL000947,2023-06-04,Midwest,Warehouse,Medium,4.05,35159.69,54.3
POL000948,2024-09-12,Northeast,Hospitality,Large,4.44,161331.57,167.54
POL000949,2022-09-05,Southeast,Manufacturing,Small,4.3,7604.92,10.24
POL000950,2022-03-22,Southeast,Manufacturing,Small,3.9,7910.87,8.21
POL000951,2024-09-28,Southeast,Hospitality,Medium,4.68,35611.91,52.32
POL000952,2022-09-26,Northwest,Education,Small,5.84,6499.9,10.8
POL000953,2024-08-28,Northwest,Retail,Medium,4.34,30883.22,54.28
POL000954,2024-08-01,Southeast,Office,Small,5.45,6586.67,10.5
POL000955,2022-01-16,Northeast,Hospitality,Small,5.18,8614.34,8.08
POL000956,2024-08-18,Midwest,Office,Small,5.33,5736.52,10.9
POL000957,2024-08-13,Northwest,Education,Enterprise,4.38,577787.99,1045.67
POL000958,2023-03-14,Southwest,Manufacturing,Small,3.83,6969.59,8.72
POL000959,2024-10-15,Midwest,Warehouse,Small,4.06,6993.31,11.92
POL000960,2022-06-14,Northwest,Retail,Small,4.18,5771.78,9.22
POL000961,2022-07-28,Southeast,Retail,Medium,4.14,35532.66,56.64
POL000962,2024-12-12,Southeast,Office,Enterprise,5.06,597379.46,890.95
POL000963,2022-03-16,Midwest,Office,Medium,4.46,26512.89,46.96
POL000964,2022-07-07,Northeast,Manufacturing,Small,5.34,9631.19,10.55
POL000965,2024-12-25,Southeast,Warehouse,Small,5.87,8588.28,9.0
POL000966,2024-01-18,Northeast,Office,Large,4.89,124470.7,214.99
POL000967,2022-05-26,Northeast,Retail,Small,4.77,6757.27,9.68
POL000968,2022-01-27,Midwest,Office,Large,4.7,106775.71,190.04
POL000969,2023-01-13,Northeast,Manufacturing,Small,5.53,9346.43,9.43
POL000970,2024-04-26,West,Office,Small,5.37,6662.68,11.93
POL000971,2024-04-28,Southwest,Retail,Small,5.12,7398.61,9.55
POL000972,2022-06-12,West,Office,Small,6.74,7822.19,11.65
POL000973,2023-04-03,Northeast,Technology,Small,4.2,6278.14,8.53
POL000974,2023-01-10,West,Warehouse,Medium,3.82,35760.28,50.39
POL000975,2024-01-16,Northwest,Hospitality,Large,4.92,150310.58,169.44
POL000976,2023-03-02,Northeast,Retail,Medium,5.27,35499.45,47.96
POL000977,2023-09-12,Northeast,Office,Small,4.35,6331.81,9.8
POL000978,2024-09-04,Midwest,Retail,Small,4.28,6286.8,8.83
POL000979,2023-11-22,Southeast,Healthcare,Medium,5.33,40695.73,46.92
POL000980,2022-02-15,Northwest,Hospitality,Medium,4.29,32143.55,49.58
POL000981,2024-10-26,Southeast,Retail,Small,5.44,7736.41,8.55
POL000982,2023-01-13,Southeast,Warehouse,Medium,4.43,35467.97,56.77
POL000983,2022-10-02,Southwest,Healthcare,Small,3.64,6592.78,10.74
POL000984,2024-04-11,West,Retail,Small,4.86,8069.03,8.89
POL000985,2023-04-03,Northeast,Manufacturing,Medium,5.09,47023.87,47.11
POL000986,2023-04-25,West,Technology,Small,4.63,7529.56,9.86
POL000987,2023-09-28,Midwest,Warehouse,Small,5.56,7833.19,8.36
POL000988,2024-11-16,Northeast,Manufacturing,Small,4.61,8939.03,11.48
POL000989,2024-10-16,Southwest,Office,Large,4.62,118455.91,223.17
POL000990,2024-10-11,Southeast,Warehouse,Small,3.78,6596.03,11.51
POL000991,2024-12-30,Midwest,Office,Small,5.23,5543.25,9.98
POL000992,2024-11-05,Southeast,Manufacturing,Small,5.31,8155.01,11.16
POL000993,2022-03-27,Northeast,Technology,Large,5.48,156900.43,166.78
POL000994,2023-11-28,Midwest,Warehouse,Enterprise,4.76,630987.89,1024.22
POL000995,2024-05-26,Northeast,Office,Small,5.95,7503.52,9.34
POL000996,2023-02-01,Northeast,Retail,Medium,4.1,30911.21,47.44
POL000997,2022-12-10,Midwest,Office,Medium,4.78,30455.27,56.08
POL000998,2022-03-04,Midwest,Retail,Small,6.41,7966.22,10.29
POL000999,2022-03-18,Southwest,Office,Medium,5.54,34576.51,52.61
POL001000,2024-04-09,Northeast,Retail,Large,4.79,134512.53,176.96
